time,accuracy
8.687474012374878,0.2892000377178192
15.633490085601807,0.5515999794006348
