time,accuracy
8.563234806060791,0.1581999808549881
