time,accuracy
8.804822206497192,0.3877999782562256
